5.248e-02,0.0e+00,-5.1200000000001245e-05,0.0e+00,-5.1199999999997775e-05,5.119999999999951e-05,-5.1199999999997775e-05,-5.119999999999951e-05
-5.1200000000000736e-05,1.2360773439350252e-04,-5.119999999999828e-05,-2.1207734393503504e-05,-5.119999999999828e-05,2.1207734393503504e-05,-5.1200000000000736e-05,-1.2360773439350252e-04
-5.1200000000000106e-05,2.5739978199684353e-04,-5.119999999999978e-05,-1.0184313209838866e-05,-5.120000000000035e-05,3.4210746261467904e-05,-5.119999999999954e-05,-7.66262150484728e-05
-5.119999999999954e-05,7.66262150484728e-05,-5.120000000000035e-05,-3.4210746261467904e-05,-5.119999999999978e-05,1.0184313209838866e-05,-5.1200000000000106e-05,-2.5739978199684353e-04
-5.120000000000009e-05,5.198423238455738e-04,-5.120000000000004e-05,-5.042759851886351e-06,-5.119999999999935e-05,4.2018754090427515e-05,-5.119999999999967e-05,-6.238738051010422e-05
-5.1200000000000547e-05,9.5788462683617e-05,-5.1199999999999896e-05,-2.736697016068054e-05,-5.119999999999975e-05,1.5531350200696185e-05,-5.120000000000021e-05,-1.6878378029764224e-04
-5.120000000000022e-05,1.6878378029764224e-04,-5.119999999999976e-05,-1.5531350200696198e-05,-5.119999999999988e-05,2.736697016068056e-05,-5.120000000000053e-05,-9.578846268361702e-05
-5.119999999999968e-05,6.238738051010426e-05,-5.1199999999999354e-05,-4.2018754090427495e-05,-5.120000000000004e-05,5.042759851886297e-06,-5.120000000000008e-05,-5.198423238455739e-04
-5.120000000000004e-05,1.042199942399344e-03,-5.119999999999993e-05,-2.5152947081968913e-06,-5.120000000000001e-05,4.6404975053780296e-05,-5.120000000000012e-05,-5.6490494757553865e-05
-5.1200000000000025e-05,1.0825330470649038e-04,-5.120000000000081e-05,-2.4215796525634835e-05,-5.12e-05,1.831965293130356e-05,-5.120000000000008e-05,-1.4309441395151241e-04
-5.120000000000023e-05,2.0440185772902861e-04,-5.12e-05,-1.2824932361794823e-05,-5.11999999999999e-05,3.06880990045145e-05,-5.12e-05,-8.542203932587549e-05
-5.1199999999999815e-05,6.903520837052e-05,-5.119999999999995e-05,-3.7972507969128195e-05,-5.1199999999999916e-05,7.594802561963375e-06,-5.120000000000001e-05,-3.451623631572473e-04
-5.120000000000001e-05,3.451623631572473e-04,-5.1199999999999943e-05,-7.594802561963402e-06,-5.119999999999995e-05,3.7972507969128175e-05,-5.119999999999979e-05,-6.903520837051998e-05
-5.1200000000000004e-05,8.542203932587549e-05,-5.119999999999992e-05,-3.0688099004514475e-05,-5.119999999999997e-05,1.282493236179481e-05,-5.120000000000023e-05,-2.044018577290286e-04
-5.1200000000000065e-05,1.4309441395151236e-04,-5.120000000000001e-05,-1.831965293130352e-05,-5.120000000000082e-05,2.4215796525634795e-05,-5.120000000000002e-05,-1.0825330470649034e-04
-5.120000000000013e-05,5.6490494757553946e-05,-5.1200000000000025e-05,-4.640497505378027e-05,-5.11999999999999e-05,2.5152947081968913e-06,-5.120000000000004e-05,-1.042199942399344e-03
-5.1200000000000025e-05,2.0856567742506653e-03,-5.12e-05,-1.2568894519769582e-06,-5.119999999999962e-05,4.874645231108729e-05,-5.120000000000005e-05,-5.3777041727480856e-05
-5.1199999999999855e-05,1.1550534921877289e-04,-5.1199999999999964e-05,-2.2695399111212353e-05,-5.120000000000018e-05,1.9750019393081154e-05,-5.120000000000007e-05,-1.3273100890818926e-04
-5.120000000000001e-05,2.2800395389001792e-04,-5.1200000000000025e-05,-1.1497344477036917e-05,-5.120000000000005e-05,3.24220424282915e-05,-5.1199999999998005e-05,-8.085363547956175e-05
-5.1200000000000025e-05,7.269841425889754e-05,-5.120000000000008e-05,-3.6059108396290236e-05,-5.119999999999997e-05,8.884042759058249e-06,-5.119999999999997e-05,-2.950728706620829e-04
-5.1199999999999964e-05,4.151186331482577e-04,-5.1200000000000194e-05,-6.314917690200327e-06,-5.11999999999999e-05,3.995687217428195e-05,-5.11999999999999e-05,-6.560673689787159e-05
-5.1199999999999964e-05,9.03806397488226e-05,-5.119999999999984e-05,-2.900444173979368e-05,-5.119999999999995e-05,1.4168948231189319e-05,-5.119999999999999e-05,-1.8501302688294036e-04
-5.120000000000025e-05,1.549846120610704e-04,-5.1199999999999964e-05,-1.6914195320029906e-05,-5.120000000000006e-05,2.5771914229723834e-05,-5.120000000000007e-05,-1.0171693016798036e-04
-5.1200000000000126e-05,5.9355028855471876e-05,-5.120000000000007e-05,-4.416542373154507e-05,-5.119999999999999e-05,3.776738893949321e-06,-5.1200000000000045e-05,-6.941014652084444e-04
-5.120000000000002e-05,6.941014652084444e-04,-5.119999999999998e-05,-3.776738893949321e-06,-5.120000000000009e-05,4.4165423731545045e-05,-5.120000000000009e-05,-5.935502885547185e-05
-5.12000000000001e-05,1.0171693016798033e-04,-5.119999999999999e-05,-2.5771914229723834e-05,-5.120000000000002e-05,1.691419532002988e-05,-5.1200000000000235e-05,-1.5498461206107036e-04
-5.119999999999996e-05,1.8501302688294028e-04,-5.1199999999999943e-05,-1.4168948231189237e-05,-5.1199999999999916e-05,2.9004441739793706e-05,-5.1199999999999984e-05,-9.038063974882257e-05
-5.119999999999989e-05,6.560673689787162e-05,-5.1199999999999943e-05,-3.9956872174281915e-05,-5.120000000000016e-05,6.314917690200273e-06,-5.119999999999997e-05,-4.151186331482577e-04
-5.1199999999999964e-05,2.9507287066208297e-04,-5.1199999999999964e-05,-8.884042759058249e-06,-5.120000000000007e-05,3.605910839629022e-05,-5.1199999999999964e-05,-7.269841425889759e-05
-5.1199999999997944e-05,8.08536354795617e-05,-5.119999999999998e-05,-3.242204242829152e-05,-5.120000000000005e-05,1.1497344477036931e-05,-5.120000000000004e-05,-2.2800395389001787e-04
-5.120000000000007e-05,1.3273100890818948e-04,-5.120000000000017e-05,-1.975001939308125e-05,-5.119999999999999e-05,2.2695399111212204e-05,-5.119999999999995e-05,-1.1550534921877285e-04
-5.12000000000001e-05,5.3777041727480734e-05,-5.1199999999999666e-05,-4.8746452311087385e-05,-5.1199999999999964e-05,1.256889451977175e-06,-5.120000000000002e-05,-2.085656774250665e-03
-5.12e-05,4.171941898575164e-03,-5.12e-05,-6.283500738335501e-07,-5.12e-05,4.995853567653772e-05,-5.12e-05,-5.2472314580491636e-05
-5.120000000000008e-05,1.1944055823878897e-04,-5.1199999999999916e-05,-2.194765361661439e-05,-5.120000000000008e-05,2.047529976394435e-05,-5.1199999999999916e-05,-1.2802938321890606e-04
-5.1200000000000025e-05,2.418498215875739e-04,-5.119999999999997e-05,-1.0839123150028108e-05,-5.120000000000004e-05,3.330925373850398e-05,-5.119999999999996e-05,-7.87000519609283e-05
-5.120000000000004e-05,7.462718464445987e-05,-5.119999999999996e-05,-3.512714585829691e-05,-5.120000000000002e-05,9.532692455812094e-06,-5.119999999999998e-05,-2.7499471027219076e-04
-5.120000000000001e-05,4.6168588085374637e-04,-5.1199999999999984e-05,-5.677973073710767e-06,-5.120000000000005e-05,4.0977687014365154e-05,-5.1199999999999943e-05,-6.397237596843915e-05
-5.1200000000000045e-05,9.302426050009099e-05,-5.119999999999995e-05,-2.8180175643507874e-05,-5.120000000000003e-05,1.4847724856965306e-05,-5.1199999999999964e-05,-1.765549958160907e-04
-5.1200000000000025e-05,1.616169130977684e-04,-5.119999999999997e-05,-1.622008457997351e-05,-5.1200000000000045e-05,2.656436402687889e-05,-5.119999999999995e-05,-9.868258081945934e-05
-5.120000000000005e-05,6.0849090779287875e-05,-5.1199999999999943e-05,-4.3081005261171486e-05,-5.1200000000000004e-05,4.409080381318495e-06,-5.119999999999999e-05,-5.945548217054845e-04
-5.12e-05,8.33382807548693e-04,-5.12e-05,-3.145541252177705e-06,-5.120000000000005e-05,4.527304781953788e-05,-5.1199999999999943e-05,-5.790288319993989e-05
-5.120000000000003e-05,1.0490293929117444e-04,-5.1199999999999964e-05,-2.498919494261062e-05,-5.120000000000003e-05,1.761395720153213e-05,-5.1199999999999964e-05,-1.4882743099727542e-04
-5.120000000000002e-05,1.942560460845211e-04,-5.119999999999998e-05,-1.3494766586875741e-05,-5.1200000000000045e-05,2.9840249105150643e-05,-5.119999999999995e-05,-8.784913258473803e-05
-5.120000000000005e-05,6.729332205317534e-05,-5.1199999999999943e-05,-3.895542559079695e-05,-5.120000000000002e-05,6.953793469920491e-06,-5.119999999999998e-05,-3.769798472358011e-04
-5.1200000000000025e-05,3.182073738797589e-04,-5.119999999999997e-05,-8.238149757618644e-06,-5.120000000000005e-05,3.70073217517673e-05,-5.1199999999999943e-05,-7.083571239182711e-05
-5.120000000000005e-05,8.309234307550493e-05,-5.1199999999999943e-05,-3.154851461605727e-05,-5.1200000000000025e-05,1.2159203779382694e-05,-5.119999999999997e-05,-2.155930641153434e-04
-5.120000000000005e-05,1.377416313487161e-04,-5.1199999999999943e-05,-1.9031573637772613e-05,-5.120000000000004e-05,2.3451324588578288e-05,-5.119999999999996e-05,-1.1178217205166851e-04
-5.12e-05,5.5115844424461754e-05,-5.12e-05,-4.756236663656279e-05,-5.1199999999999943e-05,1.8858076669360166e-06,-5.120000000000005e-05,-1.3900887380838244e-03
-5.12e-05,1.3900887380838244e-03,-5.12e-05,-1.8858076669360166e-06,-5.1199999999999943e-05,4.756236663656284e-05,-5.120000000000005e-05,-5.511584442446159e-05
-5.119999999999996e-05,1.117821720516684e-04,-5.120000000000004e-05,-2.345132458857831e-05,-5.119999999999996e-05,1.9031573637772565e-05,-5.120000000000004e-05,-1.3774163134871626e-04
-5.119999999999998e-05,2.1559306411534339e-04,-5.120000000000002e-05,-1.215920377938279e-05,-5.1199999999999943e-05,3.154851461605718e-05,-5.120000000000005e-05,-8.309234307550482e-05
-5.1199999999999943e-05,7.08357123918271e-05,-5.120000000000005e-05,-3.700732175176745e-05,-5.119999999999998e-05,8.238149757618698e-06,-5.120000000000002e-05,-3.182073738797587e-04
-5.1199999999999984e-05,3.769798472358013e-04,-5.120000000000001e-05,-6.9537934699206e-06,-5.1199999999999943e-05,3.895542559079681e-05,-5.120000000000005e-05,-6.729332205317529e-05
-5.119999999999995e-05,8.784913258473803e-05,-5.1200000000000045e-05,-2.9840249105150738e-05,-5.119999999999998e-05,1.3494766586875863e-05,-5.120000000000002e-05,-1.9425604608452104e-04
-5.119999999999996e-05,1.4882743099727533e-04,-5.120000000000004e-05,-1.7613957201532198e-05,-5.119999999999995e-05,2.4989194942610666e-05,-5.1200000000000045e-05,-1.0490293929117447e-04
-5.1199999999999916e-05,5.79028831999399e-05,-5.120000000000008e-05,-4.5273047819537946e-05,-5.1199999999999984e-05,3.145541252177705e-06,-5.120000000000001e-05,-8.333828075486929e-04
-5.119999999999999e-05,5.945548217054844e-04,-5.1200000000000004e-05,-4.409080381318441e-06,-5.1199999999999943e-05,4.308100526117146e-05,-5.120000000000005e-05,-6.084909077928774e-05
-5.1199999999999964e-05,9.868258081945929e-05,-5.120000000000003e-05,-2.6564364026878782e-05,-5.1199999999999964e-05,1.622008457997332e-05,-5.120000000000003e-05,-1.6161691309776833e-04
-5.119999999999997e-05,1.765549958160907e-04,-5.1200000000000025e-05,-1.4847724856965319e-05,-5.119999999999995e-05,2.8180175643507847e-05,-5.1200000000000045e-05,-9.302426050009102e-05
-5.119999999999997e-05,6.397237596843933e-05,-5.1200000000000025e-05,-4.0977687014365276e-05,-5.119999999999997e-05,5.677973073710767e-06,-5.1200000000000025e-05,-4.6168588085374637e-04
-5.119999999999997e-05,2.7499471027219076e-04,-5.1200000000000025e-05,-9.532692455812311e-06,-5.1199999999999943e-05,3.512714585829729e-05,-5.120000000000005e-05,-7.462718464445987e-05
-5.1199999999999943e-05,7.870005196092835e-05,-5.120000000000005e-05,-3.3309253738503586e-05,-5.1199999999999984e-05,1.0839123150027945e-05,-5.120000000000001e-05,-2.4184982158757383e-04
-5.119999999999995e-05,1.2802938321890587e-04,-5.1200000000000045e-05,-2.047529976394426e-05,-5.119999999999996e-05,2.194765361661426e-05,-5.120000000000004e-05,-1.1944055823878919e-04
-5.12e-05,5.247231458049183e-05,-5.12e-05,-4.995853567653748e-05,-5.120000000000005e-05,6.283500738335501e-07,-5.1199999999999943e-05,-4.171941898575164e-03
-5.119999999999998e-05,8.344197960358398e-03,-5.120000000000003e-05,-3.141632080698453e-07,-5.1199999999999964e-05,5.057550548231858e-05,-5.1199999999999964e-05,-5.183220562998568e-05
-5.1200000000000154e-05,1.2149380870281394e-04,-5.119999999999984e-05,-2.157673734973849e-05,-5.1200000000000154e-05,2.084060240849521e-05,-5.119999999999984e-05,-1.257852315694785e-04
-5.119999999999998e-05,2.493924222207788e-04,-5.119999999999995e-05,-1.0511305743201015e-05,-5.120000000000011e-05,3.3758176412879765e-05,-5.1199999999999815e-05,-7.765348364610847e-05
-5.120000000000002e-05,7.561764193784364e-05,-5.119999999999991e-05,-3.466704240995471e-05,-5.120000000000003e-05,9.85811790941754e-06,-5.1199999999999896e-05,-2.659168843472298e-04
-5.119999999999997e-05,4.890598056131814e-04,-5.1199999999999754e-05,-5.360162438033906e-06,-5.120000000000009e-05,4.149563194313604e-05,-5.120000000000009e-05,-6.317387824319198e-05
-5.1200000000000086e-05,9.439072707220821e-05,-5.119999999999998e-05,-2.7772219595200467e-05,-5.120000000000002e-05,1.5188915328380207e-05,-5.119999999999994e-05,-1.7258901925023672e-04
-5.1200000000000025e-05,1.6512943151136524e-04,-5.11999999999999e-05,-1.5875062222445396e-05,-5.120000000000017e-05,2.6964370278370778e-05,-5.119999999999992e-05,-9.721866199496459e-05
-5.1199999999999855e-05,6.161255637131342e-05,-5.1199999999999855e-05,-4.2547171459688906e-05,-5.120000000000017e-05,4.725740674260551e-06,-5.120000000000003e-05,-5.547151612186425e-04
-5.119999999999993e-05,9.26202072799409e-04,-5.1199999999999916e-05,-2.8303110919162774e-06,-5.119999999999994e-05,4.583590251554948e-05,-5.1200000000000045e-05,-5.7191848662971016e-05
-5.119999999999995e-05,1.0655672965031153e-04,-5.119999999999988e-05,-2.4601355621581462e-05,-5.119999999999992e-05,1.7966045343222406e-05,-5.120000000000007e-05,-1.4591079728010057e-04
-5.119999999999993e-05,1.9920784228931476e-04,-5.1200000000000065e-05,-1.31593212891329e-05,-5.120000000000001e-05,3.0262636568935933e-05,-5.1199999999999984e-05,-8.662298785595159e-05
-5.120000000000006e-05,6.815715116627915e-05,-5.120000000000003e-05,-3.8461701452348405e-05,-5.119999999999997e-05,7.274018617485088e-06,-5.120000000000004e-05,-3.603840102496666e-04
-5.1199999999999943e-05,3.3114999718241437e-04,-5.120000000000004e-05,-7.916170986877499e-06,-5.120000000000011e-05,3.748774672777424e-05,-5.120000000000006e-05,-6.992791588772109e-05
-5.120000000000015e-05,8.424543055786902e-05,-5.1199999999999984e-05,-3.111670250411139e-05,-5.119999999999993e-05,1.2491569760561403e-05,-5.1199999999999876e-05,-2.0985673139948003e-04
-5.119999999999997e-05,1.403729981824458e-04,-5.1200000000000065e-05,-1.867481662386983e-05,-5.119999999999959e-05,2.3832468825241722e-05,-5.1199999999999984e-05,-1.0999447934758458e-04
-5.11999999999999e-05,5.5798573371704604e-05,-5.120000000000001e-05,-4.6980412609067505e-05,-5.1200000000000065e-05,2.200468185807993e-06,-5.1200000000000065e-05,-1.1913101115967773e-03
-5.120000000000001e-05,1.6683369044412956e-03,-5.12e-05,-1.5712893439099587e-06,-5.1200000000000004e-05,4.8150993033962634e-05,-5.1200000000000004e-05,-5.444207553831761e-05
-5.1200000000000086e-05,1.1361841239439519e-04,-5.119999999999984e-05,-2.307231675531921e-05,-5.119999999999994e-05,1.9389961765592948e-05,-5.12000000000001e-05,-1.3519572816547272e-04
-5.1199999999999984e-05,2.216336836215685e-04,-5.12e-05,-1.182780503921962e-05,-5.120000000000003e-05,3.198360439075363e-05,-5.120000000000036e-05,-8.196199427597475e-05
-5.119999999999992e-05,7.175905382437886e-05,-5.1200000000000004e-05,-3.653113942131449e-05,-5.120000000000004e-05,8.560764930020081e-06,-5.119999999999997e-05,-3.0621562692457094e-04
-5.120000000000004e-05,3.951461937782086e-04,-5.120000000000009e-05,-6.6341016091666825e-06,-5.119999999999997e-05,3.945378131799376e-05,-5.1199999999999943e-05,-6.644331449174532e-05
-5.1200000000000025e-05,8.910137014295628e-05,-5.120000000000001e-05,-2.9420871932654977e-05,-5.120000000000001e-05,1.3831298649058673e-05,-5.120000000000005e-05,-1.8952956381853474e-04
-5.120000000000001e-05,1.5184999649672448e-04,-5.119999999999993e-05,-1.7263352390373935e-05,-5.120000000000012e-05,2.5379364243010308e-05,-5.1199999999999984e-05,-1.032902154246039e-04
-5.119999999999997e-05,5.8623854855817045e-05,-5.119999999999997e-05,-4.4716267915975846e-05,-5.119999999999997e-05,3.4610091688809454e-06,-5.119999999999997e-05,-7.574207036404835e-04
-5.1200000000000065e-05,6.405075023182262e-04,-5.119999999999985e-05,-4.092754558708512e-06,-5.120000000000005e-05,4.362038002706531e-05,-5.1199999999999943e-05,-6.0096679542302544e-05
-5.119999999999999e-05,1.001815400946865e-04,-5.120000000000007e-05,-2.6166896591151766e-05,-5.120000000000002e-05,1.6566450911249342e-05,-5.119999999999994e-05,-1.5823787569490364e-04
-5.120000000000005e-05,1.806924326132578e-04,-5.119999999999993e-05,-1.4507746462248094e-05,-5.1200000000000004e-05,2.859089654234676e-05,-5.120000000000003e-05,-9.168792577446117e-05
-5.1200000000000045e-05,6.478321195577079e-05,-5.1199999999999964e-05,-4.046480439700523e-05,-5.1199999999999876e-05,5.996216524859486e-06,-5.1200000000000025e-05,-4.3718234475554615e-04
-5.1200000000000045e-05,2.846912724051191e-04,-5.1199999999999964e-05,-9.208009707686637e-06,-5.119999999999994e-05,3.559113954209397e-05,-5.1199999999999964e-05,-7.365428681763907e-05
-5.120000000000033e-05,7.976655010494214e-05,-5.119999999999995e-05,-3.286390092778491e-05,-5.120000000000001e-05,1.116779333502362e-05,-5.120000000000005e-05,-2.3473213743836096e-04
-5.1200000000000086e-05,1.3034347436600283e-04,-5.1199999999999964e-05,-2.011178551707969e-05,-5.120000000000006e-05,2.23205262634225e-05,-5.119999999999999e-05,-1.1744525953654835e-04
-5.120000000000009e-05,5.3120525101081276e-05,-5.120000000000009e-05,-4.934890976720881e-05,-5.120000000000001e-05,9.425842621101337e-07,-5.119999999999996e-05,-2.781120060429759e-03
-5.120000000000006e-05,2.781120060429759e-03,-5.119999999999994e-05,-9.425842621101337e-07,-5.120000000000004e-05,4.9348909767208754e-05,-5.120000000000004e-05,-5.312052510108122e-05
-5.1200000000000004e-05,1.174452595365483e-04,-5.120000000000011e-05,-2.2320526263422587e-05,-5.1199999999999855e-05,2.0111785517079494e-05,-5.1200000000000045e-05,-1.303434743660027e-04
-5.12e-05,2.347321374383609e-04,-5.119999999999997e-05,-1.1167793335023742e-05,-5.1200000000000065e-05,3.2863900927784985e-05,-5.120000000000028e-05,-7.976655010494212e-05
-5.119999999999994e-05,7.365428681763904e-05,-5.1199999999999964e-05,-3.559113954209396e-05,-5.1199999999999984e-05,9.208009707686692e-06,-5.12e-05,-2.8469127240511897e-04
-5.1200000000000025e-05,4.37182344755546e-04,-5.1199999999999835e-05,-5.996216524859404e-06,-5.120000000000005e-05,4.0464804397005274e-05,-5.120000000000008e-05,-6.478321195577088e-05
-5.119999999999999e-05,9.16879257744611e-05,-5.119999999999999e-05,-2.8590896542346814e-05,-5.119999999999993e-05,1.4507746462248081e-05,-5.1200000000000025e-05,-1.806924326132579e-04
-5.119999999999998e-05,1.5823787569490364e-04,-5.119999999999991e-05,-1.6566450911249396e-05,-5.120000000000001e-05,2.6166896591151806e-05,-5.119999999999993e-05,-1.0018154009468643e-04
-5.120000000000004e-05,6.0096679542302585e-05,-5.120000000000004e-05,-4.3620380027065297e-05,-5.119999999999997e-05,4.092754558708621e-06,-5.120000000000005e-05,-6.40507502318226e-04
-5.119999999999992e-05,7.574207036404834e-04,-5.119999999999994e-05,-3.4610091688809996e-06,-5.12e-05,4.471626791597572e-05,-5.12e-05,-5.862385485581719e-05
-5.120000000000009e-05,1.0329021542460386e-04,-5.1200000000000215e-05,-2.5379364243010267e-05,-5.1199999999999916e-05,1.7263352390374002e-05,-5.1200000000000065e-05,-1.5184999649672445e-04
-5.120000000000009e-05,1.895295638185348e-04,-5.120000000000004e-05,-1.3831298649058727e-05,-5.1200000000000004e-05,2.9420871932655004e-05,-5.1200000000000126e-05,-8.910137014295634e-05
-5.119999999999993e-05,6.644331449174538e-05,-5.119999999999993e-05,-3.945378131799365e-05,-5.120000000000001e-05,6.634101609166466e-06,-5.120000000000001e-05,-3.951461937782083e-04
-5.119999999999999e-05,3.0621562692457105e-04,-5.120000000000011e-05,-8.56076493002e-06,-5.120000000000005e-05,3.653113942131447e-05,-5.119999999999989e-05,-7.175905382437873e-05
-5.120000000000034e-05,8.196199427597494e-05,-5.120000000000002e-05,-3.198360439075373e-05,-5.1199999999999984e-05,1.1827805039219566e-05,-5.1199999999999916e-05,-2.2163368362156872e-04
-5.119999999999997e-05,1.3519572816547256e-04,-5.1199999999999984e-05,-1.938996176559284e-05,-5.119999999999984e-05,2.3072316755319198e-05,-5.120000000000011e-05,-1.1361841239439523e-04
-5.119999999999991e-05,5.444207553831766e-05,-5.1200000000000126e-05,-4.815099303396257e-05,-5.120000000000002e-05,1.5712893439098503e-06,-5.120000000000002e-05,-1.6683369044412958e-03
-5.1199999999999964e-05,1.191310111596777e-03,-5.1200000000000086e-05,-2.2004681858081012e-06,-5.12e-05,4.698041260906766e-05,-5.119999999999989e-05,-5.5798573371704435e-05
-5.119999999999993e-05,1.0999447934758454e-04,-5.119999999999955e-05,-2.3832468825241824e-05,-5.1199999999999984e-05,1.8674816623869903e-05,-5.120000000000004e-05,-1.403729981824457e-04
-5.1199999999999876e-05,2.0985673139947987e-04,-5.119999999999997e-05,-1.2491569760561457e-05,-5.1200000000000045e-05,3.111670250411142e-05,-5.1200000000000045e-05,-8.424543055786884e-05
-5.1200000000000154e-05,6.992791588772117e-05,-5.12000000000001e-05,-3.748774672777443e-05,-5.120000000000009e-05,7.916170986877445e-06,-5.1200000000000025e-05,-3.311499971824142e-04
-5.120000000000003e-05,3.603840102496668e-04,-5.119999999999999e-05,-7.274018617485034e-06,-5.119999999999996e-05,3.846170145234848e-05,-5.1199999999999984e-05,-6.815715116627907e-05
-5.1200000000000065e-05,8.662298785595165e-05,-5.120000000000005e-05,-3.026263656893573e-05,-5.120000000000012e-05,1.3159321289132994e-05,-5.12e-05,-1.9920784228931465e-04
-5.119999999999992e-05,1.4591079728010068e-04,-5.119999999999988e-05,-1.7966045343222392e-05,-5.119999999999985e-05,2.4601355621581645e-05,-5.119999999999996e-05,-1.0655672965031166e-04
-5.120000000000008e-05,5.719184866297093e-05,-5.119999999999997e-05,-4.5835902515549556e-05,-5.1199999999999943e-05,2.830311091916223e-06,-5.1199999999999943e-05,-9.262020727994089e-04
-5.12000000000001e-05,5.547151612186427e-04,-5.120000000000002e-05,-4.725740674260714e-06,-5.119999999999987e-05,4.254717145968877e-05,-5.119999999999998e-05,-6.161255637131312e-05
-5.1200000000000004e-05,9.721866199496445e-05,-5.119999999999998e-05,-2.6964370278370744e-05,-5.1200000000000004e-05,1.5875062222445627e-05,-5.119999999999987e-05,-1.6512943151136546e-04
-5.1200000000000045e-05,1.725890192502366e-04,-5.119999999999994e-05,-1.5188915328380058e-05,-5.1200000000000154e-05,2.7772219595200386e-05,-5.1200000000000126e-05,-9.439072707220834e-05
-5.119999999999997e-05,6.317387824319225e-05,-5.120000000000008e-05,-4.149563194313609e-05,-5.119999999999995e-05,5.3601624380340146e-06,-5.119999999999988e-05,-4.890598056131818e-04
-5.119999999999997e-05,2.659168843472297e-04,-5.120000000000019e-05,-9.858117909417648e-06,-5.120000000000019e-05,3.4667042409954724e-05,-5.119999999999997e-05,-7.561764193784353e-05
-5.119999999999986e-05,7.765348364610903e-05,-5.119999999999986e-05,-3.375817641287976e-05,-5.119999999999971e-05,1.0511305743200771e-05,-5.120000000000001e-05,-2.4939242222077904e-04
-5.119999999999993e-05,1.2578523156947803e-04,-5.120000000000001e-05,-2.084060240849523e-05,-5.119999999999987e-05,2.157673734973844e-05,-5.120000000000007e-05,-1.2149380870281429e-04
-5.119999999999997e-05,5.183220562998605e-05,-5.119999999999997e-05,-5.057550548231808e-05,-5.119999999999997e-05,3.141632080698453e-07,-5.119999999999997e-05,-8.344197960358398e-03
-5.120000000000004e-05,1.6688553000842307e-02,-5.119999999999993e-05,-1.5708012551102213e-07,-5.120000000000088e-05,5.0886800635605015e-05,-5.1199999999999144e-05,-5.1515127051744705e-05
-5.1200000000000255e-05,1.2254301033549588e-04,-5.1199999999999686e-05,-2.1391999370858717e-05,-5.1200000000000296e-05,2.1023937147882074e-05,-5.1199999999999645e-05,-1.2468834840785343e-04
-5.120000000000011e-05,2.533353255065732e-04,-5.1199999999999855e-05,-1.0347708100945583e-05,-5.119999999999971e-05,3.3984000538266485e-05,-5.1200000000000255e-05,-7.713747523774333e-05
-5.119999999999967e-05,7.611962834735407e-05,-5.1200000000000296e-05,-3.443842353036322e-05,-5.120000000000009e-05,1.0021117622992188e-05,-5.1199999999999876e-05,-2.615915807619494e-04
-5.120000000000008e-05,5.039862561232268e-04,-5.1199999999999916e-05,-5.201411681668932e-06,-5.1199999999999916e-05,4.1756538563094476e-05,-5.120000000000019e-05,-6.277915004949532e-05
-5.120000000000017e-05,9.508561297045264e-05,-5.11999999999998e-05,-2.7569260144693337e-05,-5.119999999999998e-05,1.535997517774388e-05,-5.1200000000000045e-05,-1.7066694246996018e-04
-5.1200000000000025e-05,1.669383283798538e-04,-5.120000000000001e-05,-1.5703044504166257e-05,-5.120000000000017e-05,2.716534254690733e-05,-5.119999999999979e-05,-9.649942736681692e-05
-5.119999999999985e-05,6.199852919199196e-05,-5.120000000000023e-05,-4.2282293373155683e-05,-5.120000000000009e-05,4.884203872404177e-06,-5.119999999999993e-05,-5.367179725668636e-04
-5.120000000000014e-05,9.807923889004829e-04,-5.119999999999984e-05,-2.6727776741200917e-06,-5.1200000000000194e-05,4.611965245442787e-05,-5.119999999999998e-05,-5.683997733049574e-05
-5.1199999999999855e-05,1.0739955800494411e-04,-5.120000000000095e-05,-2.4408294118672133e-05,-5.119999999999998e-05,1.814265692823302e-05,-5.1199999999999855e-05,-1.4449041341461737e-04
-5.120000000000039e-05,2.0177345080940942e-04,-5.120000000000005e-05,-1.2991996664993155e-05,-5.1200000000000045e-05,3.0474979318086572e-05,-5.1200000000000126e-05,-8.601941850848726e-05
-5.120000000000013e-05,6.85943752445038e-05,-5.1199999999999645e-05,-3.82165445877438e-05,-5.120000000000005e-05,7.434339139052924e-06,-5.1200000000000025e-05,-3.526123776395262e-04
-5.119999999999991e-05,3.3801427512487203e-04,-5.1200000000000045e-05,-7.755412102141335e-06,-5.120000000000025e-05,3.7729579372909746e-05,-5.1199999999999815e-05,-6.947970381780105e-05
-5.1199999999999964e-05,8.483074449093994e-05,-5.1199999999999964e-05,-3.090200393419853e-05,-5.119999999999994e-05,1.2658124634837986e-05,-5.119999999999972e-05,-2.070954486247675e-04
-5.120000000000023e-05,1.4172215069439202e-04,-5.120000000000004e-05,-1.8497037951765736e-05,-5.119999999999945e-05,2.402385676746147e-05,-5.120000000000022e-05,-1.0911819968683969e-04
-5.1200000000000025e-05,5.614337018905207e-05,-5.1199999999999916e-05,-4.669188884053075e-05,-5.120000000000015e-05,2.3578592067095014e-06,-5.11999999999999e-05,-1.1117881816439944e-03
-5.1200000000000045e-05,1.853818221676692e-03,-5.119999999999998e-05,-1.4140760778739644e-06,-5.119999999999993e-05,4.844785834574052e-05,-5.120000000000004e-05,-5.410848052957307e-05
-5.120000000000003e-05,1.1455540454674128e-04,-5.12000000000001e-05,-2.2883599515642118e-05,-5.119999999999987e-05,1.956977946911191e-05,-5.1200000000000045e-05,-1.3395347679505404e-04
-5.120000000000003e-05,2.2477591859089592e-04,-5.119999999999983e-05,-1.1662459290272831e-05,-5.11999999999999e-05,3.22024004022903e-05,-5.1199999999999984e-05,-8.140511164545197e-05
-5.1199999999999794e-05,7.222670130382366e-05,-5.1200000000000065e-05,-3.62946106173788e-05,-5.1199999999999964e-05,8.72231936350411e-06,-5.120000000000003e-05,-3.005439139237053e-04
-5.119999999999992e-05,4.048901323134307e-04,-5.12000000000003e-05,-6.47444773480105e-06,-5.119999999999998e-05,3.9704728279459726e-05,-5.1200000000000004e-05,-6.602337085772544e-05
-5.120000000000003e-05,8.97375655062914e-05,-5.120000000000014e-05,-2.9212292368419538e-05,-5.120000000000015e-05,1.399998181346492e-05,-5.120000000000005e-05,-1.8724595752536816e-04
-5.120000000000032e-05,1.5340289742439458e-04,-5.1200000000000025e-05,-1.7088595091836644e-05,-5.1199999999999943e-05,2.557533844339941e-05,-5.120000000000008e-05,-1.0249874134809602e-04
-5.11999999999999e-05,5.898814963452439e-05,-5.119999999999996e-05,-4.444011239955432e-05,-5.1200000000000025e-05,3.6188397991094765e-06,-5.119999999999989e-05,-7.243868602984428e-04
-5.120000000000006e-05,6.66234703837184e-04,-5.1200000000000045e-05,-3.934709472355356e-06,-5.12e-05,4.3892185125756304e-05,-5.120000000000005e-05,-5.972452709951125e-05
-5.119999999999998e-05,1.0094459154947775e-04,-5.119999999999999e-05,-2.5969098093929343e-05,-5.119999999999995e-05,1.674014870587748e-05,-5.11999999999998e-05,-1.5659598048131982e-04
-5.11999999999999e-05,1.8282906292085708e-04,-5.11999999999999e-05,-1.433820180511866e-05,-5.12e-05,2.8797312339908253e-05,-5.12e-05,-9.10307173481309e-05
-5.11999999999999e-05,6.519336588823578e-05,-5.119999999999996e-05,-4.0210226367113106e-05,-5.119999999999962e-05,6.155508331683182e-06,-5.120000000000005e-05,-4.258689711306434e-04
-5.1199999999999964e-05,2.8979193479601183e-04,-5.1199999999999964e-05,-9.045938431120497e-06,-5.119999999999995e-05,3.582462168456754e-05,-5.1200000000000086e-05,-7.3174254932307e-05
-5.1199999999999544e-05,8.030747719448562e-05,-5.120000000000017e-05,-3.2642539544001724e-05,-5.120000000000009e-05,1.1332457014239853e-05,-5.1199999999999943e-05,-2.3132141570940921e-04
-5.119999999999995e-05,1.3152783317475216e-04,-5.120000000000018e-05,-1.993068643134302e-05,-5.119999999999962e-05,2.2507709893402044e-05,-5.1200000000000106e-05,-1.16468535111537e-04
-5.1200000000000235e-05,5.344773211508273e-05,-5.11999999999998e-05,-4.904679574346674e-05,-5.120000000000002e-05,1.0997265011501028e-06,-5.11999999999998e-05,-2.3837199496947047e-03
-5.120000000000003e-05,3.3374592686557245e-03,-5.1199999999999964e-05,-7.854597731333027e-07,-5.1200000000000106e-05,4.9652815823503986e-05,-5.119999999999989e-05,-5.27953945113239e-05
-5.120000000000006e-05,1.1843582873951642e-04,-5.119999999999999e-05,-2.2133842671591387e-05,-5.1199999999999964e-05,2.0293321623401418e-05,-5.119999999999987e-05,-1.2917747270003684e-04
-5.120000000000005e-05,2.3824017467941044e-04,-5.11999999999999e-05,-1.1003349890620007e-05,-5.119999999999998e-05,3.3086135862766405e-05,-5.119999999999984e-05,-7.923076937340526e-05
-5.1200000000000126e-05,7.41385746911379e-05,-5.119999999999999e-05,-3.535865115995192e-05,-5.120000000000008e-05,9.370259930595033e-06,-5.120000000000001e-05,-2.7976171626154065e-04
-5.1200000000000025e-05,4.491044063875227e-04,-5.120000000000005e-05,-5.837039144385587e-06,-5.120000000000008e-05,4.072061998043055e-05,-5.119999999999986e-05,-6.437623005886979e-05
-5.1200000000000004e-05,9.235239558143629e-05,-5.119999999999999e-05,-2.838518679992896e-05,-5.119999999999992e-05,1.4677586154069152e-05,-5.119999999999999e-05,-1.7860157470601872e-04
-5.120000000000012e-05,1.5991120527725108e-04,-5.1199999999999984e-05,-1.639309762849332e-05,-5.120000000000005e-05,2.6365316340671956e-05,-5.119999999999997e-05,-9.9427595183301e-05
-5.1200000000000045e-05,6.047152196733441e-05,-5.119999999999994e-05,-4.3349992107294085e-05,-5.120000000000003e-05,4.2508771830508814e-06,-5.1200000000000004e-05,-6.16682131032193e-04
-5.1199999999999964e-05,7.935956315459201e-04,-5.1199999999999896e-05,-3.3032439895030455e-06,-5.120000000000001e-05,4.499390730228318e-05,-5.119999999999996e-05,-5.8262110520616326e-05
-5.1199999999999984e-05,1.0409154783485356e-04,-5.1199999999999984e-05,-2.5183985198865935e-05,-5.120000000000005e-05,1.7438471616139633e-05,-5.1200000000000025e-05,-1.5032510059963012e-04
-5.119999999999993e-05,1.9186563514471725e-04,-5.1199999999999943e-05,-1.3662894858804372e-05,-5.1199999999999984e-05,2.963018822106019e-05,-5.119999999999997e-05,-8.847193208637001e-05
-5.120000000000006e-05,6.686661539478452e-05,-5.1200000000000004e-05,-3.9204018096667014e-05,-5.119999999999994e-05,6.793882466528129e-06,-5.1200000000000045e-05,-3.85853010103598e-04
-5.1200000000000004e-05,3.1209936915089527e-04,-5.120000000000002e-05,-8.399376157446146e-06,-5.1199999999999876e-05,3.6768706017151484e-05,-5.120000000000012e-05,-7.129541079789928e-05
-5.1200000000000065e-05,8.252437390596634e-05,-5.1199999999999943e-05,-3.176564541994636e-05,-5.12e-05,1.1993385327892768e-05,-5.120000000000001e-05,-2.1857381617710063e-04
-5.120000000000001e-05,1.3645827113907766e-04,-5.119999999999996e-05,-1.9210561427443558e-05,-5.120000000000007e-05,2.326155652945122e-05,-5.120000000000003e-05,-1.1269409236140316e-04
-5.120000000000007e-05,5.477785420505892e-05,-5.1199999999999964e-05,-4.7855835867296705e-05,-5.1200000000000045e-05,1.7285322171608532e-06,-5.119999999999999e-05,-1.516569939498128e-03
-5.119999999999992e-05,1.2830581233014544e-03,-5.119999999999991e-05,-2.0431186650022703e-06,-5.1199999999999943e-05,4.727056542625578e-05,-5.1199999999999943e-05,-5.54560745436728e-05
-5.1200000000000086e-05,1.1088238678946848e-04,-5.119999999999991e-05,-2.3641626735337808e-05,-5.120000000000006e-05,1.8852993617313646e-05,-5.119999999999994e-05,-1.3904635270191868e-04
-5.119999999999982e-05,2.1268834422556257e-04,-5.1200000000000065e-05,-1.2325264036189574e-05,-5.119999999999991e-05,3.133220320364522e-05,-5.120000000000006e-05,-8.366599638594892e-05
-5.119999999999995e-05,7.037989993465658e-05,-5.120000000000017e-05,-3.7246998112157786e-05,-5.119999999999994e-05,8.077082455095022e-06,-5.120000000000002e-05,-3.245528338449023e-04
-5.1200000000000045e-05,3.6849870301895206e-04,-5.120000000000003e-05,-7.113837792436443e-06,-5.1199999999999984e-05,3.870799094138925e-05,-5.120000000000001e-05,-6.772348386588538e-05
-5.1199999999999984e-05,8.72328556253716e-05,-5.119999999999996e-05,-3.0051062540678115e-05,-5.120000000000001e-05,1.3326910000409771e-05,-5.120000000000012e-05,-1.9670276154933213e-04
-5.119999999999996e-05,1.4735623752287904e-04,-5.120000000000001e-05,-1.778981361133758e-05,-5.120000000000028e-05,2.479498716631429e-05,-5.119999999999996e-05,-1.0572459596032481e-04
-5.120000000000009e-05,5.75461400225038e-05,-5.1199999999999984e-05,-4.555370697278499e-05,-5.120000000000004e-05,2.987897952837226e-06,-5.120000000000004e-05,-8.773525874639298e-04
-5.1199999999999943e-05,5.739499120058155e-04,-5.1199999999999943e-05,-4.567367195577735e-06,-5.11999999999999e-05,4.2813403602380695e-05,-5.120000000000001e-05,-6.122942301775408e-05
-5.1200000000000086e-05,9.794632548444197e-05,-5.1200000000000086e-05,-2.67640464002541e-05,-5.1199999999999964e-05,1.6047407517613124e-05,-5.1200000000000045e-05,-1.6335598115289115e-04
-5.1199999999999876e-05,1.7455126678249573e-04,-5.120000000000001e-05,-1.5018166572612268e-05,-5.120000000000008e-05,2.797585568079517e-05,-5.1200000000000025e-05,-9.37036575363652e-05
-5.1199999999999916e-05,6.357160624948462e-05,-5.1199999999999754e-05,-4.123601957943705e-05,-5.120000000000004e-05,5.519015204829501e-06,-5.1200000000000065e-05,-4.7498329008155123e-04
-5.1199999999999943e-05,2.703822593857284e-04,-5.120000000000005e-05,-9.69531065372244e-06,-5.120000000000005e-05,3.4896613084270606e-05,-5.1199999999999943e-05,-7.512018411842973e-05
-5.119999999999996e-05,7.817431657953388e-05,-5.120000000000009e-05,-3.353326405268866e-05,-5.1199999999999964e-05,1.067510959969461e-05,-5.119999999999998e-05,-2.4556562867279123e-04
-5.120000000000009e-05,1.2689877519563508e-04,-5.120000000000009e-05,-2.0657724993473325e-05,-5.120000000000001e-05,2.1761953644875305e-05,-5.120000000000001e-05,-1.2045977317929344e-04
-5.1199999999999943e-05,5.2151259943982744e-05,-5.1199999999999943e-05,-5.026609141976204e-05,-5.1199999999999943e-05,4.7125220493981004e-07,-5.1199999999999943e-05,-5.5627113730644575e-03
-5.119999999999992e-05,5.5627113730644575e-03,-5.120000000000003e-05,-4.7125220493937636e-07,-5.119999999999999e-05,5.026609141976192e-05,-5.119999999999999e-05,-5.215125994398262e-05
-5.120000000000003e-05,1.2045977317929327e-04,-5.119999999999999e-05,-2.1761953644875284e-05,-5.1200000000000154e-05,2.065772499347329e-05,-5.119999999999987e-05,-1.2689877519563535e-04
-5.1199999999999916e-05,2.4556562867279123e-04,-5.1199999999999916e-05,-1.067510959969457e-05,-5.1199999999999984e-05,3.353326405268878e-05,-5.11999999999999e-05,-7.817431657953382e-05
-5.119999999999996e-05,7.512018411842973e-05,-5.120000000000015e-05,-3.489661308427069e-05,-5.120000000000012e-05,9.695310653722467e-06,-5.119999999999993e-05,-2.7038225938572774e-04
-5.119999999999995e-05,4.749832900815513e-04,-5.119999999999999e-05,-5.5190152048294194e-06,-5.11999999999999e-05,4.123601957943687e-05,-5.119999999999996e-05,-6.357160624948448e-05
-5.12e-05,9.370365753636509e-05,-5.120000000000004e-05,-2.797585568079523e-05,-5.1199999999999943e-05,1.501816657261239e-05,-5.119999999999993e-05,-1.7455126678249586e-04
-5.1199999999999964e-05,1.6335598115289104e-04,-5.120000000000002e-05,-1.6047407517613178e-05,-5.1200000000000065e-05,2.6764046400253943e-05,-5.120000000000008e-05,-9.79463254844419e-05
-5.12000000000001e-05,6.122942301775408e-05,-5.119999999999988e-05,-4.281340360238064e-05,-5.119999999999994e-05,4.567367195577627e-06,-5.12000000000001e-05,-5.739499120058155e-04
-5.1199999999999794e-05,8.773525874639295e-04,-5.119999999999996e-05,-2.9878979528371718e-06,-5.1200000000000065e-05,4.55537069727851e-05,-5.119999999999996e-05,-5.754614002250385e-05
-5.1199999999999916e-05,1.0572459596032481e-04,-5.1200000000000106e-05,-2.4794987166314343e-05,-5.1200000000000025e-05,1.7789813611337606e-05,-5.120000000000005e-05,-1.4735623752287945e-04
-5.119999999999998e-05,1.9670276154933205e-04,-5.119999999999999e-05,-1.332691000040973e-05,-5.120000000000013e-05,3.005106254067832e-05,-5.120000000000008e-05,-8.723285562537193e-05
-5.120000000000011e-05,6.772348386588548e-05,-5.1200000000000004e-05,-3.87079909413891e-05,-5.120000000000003e-05,7.113837792436308e-06,-5.1200000000000086e-05,-3.6849870301895195e-04
-5.119999999999986e-05,3.2455283384490207e-04,-5.120000000000008e-05,-8.077082455094941e-06,-5.120000000000004e-05,3.724699811215787e-05,-5.1199999999999876e-05,-7.037989993465633e-05
-5.1200000000000025e-05,8.36659963859488e-05,-5.1199999999999943e-05,-3.133220320364521e-05,-5.1199999999999916e-05,1.2325264036189412e-05,-5.119999999999997e-05,-2.1268834422556263e-04
-5.1199999999999964e-05,1.3904635270191868e-04,-5.119999999999995e-05,-1.8852993617313456e-05,-5.120000000000001e-05,2.3641626735337903e-05,-5.119999999999996e-05,-1.1088238678946877e-04
-5.119999999999996e-05,5.545607454367308e-05,-5.1200000000000065e-05,-4.727056542625562e-05,-5.120000000000015e-05,2.0431186650022703e-06,-5.120000000000009e-05,-1.2830581233014544e-03
-5.120000000000005e-05,1.516569939498128e-03,-5.11999999999999e-05,-1.7285322171608532e-06,-5.1200000000000004e-05,4.785583586729697e-05,-5.1200000000000004e-05,-5.4777854205058644e-05
-5.1200000000000004e-05,1.1269409236140307e-04,-5.119999999999992e-05,-2.3261556529451517e-05,-5.120000000000003e-05,1.9210561427443544e-05,-5.120000000000011e-05,-1.3645827113907772e-04
-5.120000000000001e-05,2.1857381617710055e-04,-5.1199999999999916e-05,-1.1993385327893066e-05,-5.119999999999994e-05,3.17656454199462e-05,-5.119999999999999e-05,-8.252437390596622e-05
-5.120000000000006e-05,7.129541079789936e-05,-5.120000000000003e-05,-3.6768706017151376e-05,-5.1200000000000025e-05,8.399376157445875e-06,-5.1200000000000065e-05,-3.120993691508951e-04
-5.119999999999995e-05,3.858530101035979e-04,-5.1200000000000086e-05,-6.793882466528075e-06,-5.1200000000000004e-05,3.920401809666711e-05,-5.1200000000000004e-05,-6.686661539478445e-05
-5.12e-05,8.847193208636997e-05,-5.119999999999993e-05,-2.9630188221060156e-05,-5.1199999999999984e-05,1.366289485880444e-05,-5.119999999999997e-05,-1.9186563514471717e-04
-5.1200000000000126e-05,1.5032510059963017e-04,-5.120000000000006e-05,-1.7438471616139457e-05,-5.1199999999999916e-05,2.5183985198865854e-05,-5.12e-05,-1.040915478348534e-04
-5.1200000000000025e-05,5.826211052061633e-05,-5.1200000000000025e-05,-4.4993907302283455e-05,-5.1199999999999984e-05,3.3032439895032623e-06,-5.120000000000001e-05,-7.935956315459201e-04
-5.119999999999993e-05,6.166821310321928e-04,-5.119999999999996e-05,-4.250877183051098e-06,-5.1199999999999984e-05,4.3349992107293977e-05,-5.119999999999993e-05,-6.0471521967334194e-05
-5.119999999999995e-05,9.942759518330089e-05,-5.119999999999998e-05,-2.636531634067182e-05,-5.1199999999999964e-05,1.639309762849332e-05,-5.120000000000002e-05,-1.599112052772513e-04
-5.120000000000001e-05,1.7860157470601885e-04,-5.120000000000004e-05,-1.4677586154069084e-05,-5.119999999999997e-05,2.838518679992894e-05,-5.1200000000000025e-05,-9.23523955814363e-05
-5.119999999999995e-05,6.437623005886964e-05,-5.119999999999995e-05,-4.072061998043059e-05,-5.1200000000000045e-05,5.837039144385397e-06,-5.1200000000000045e-05,-4.4910440638752246e-04
-5.119999999999997e-05,2.797617162615405e-04,-5.1199999999999916e-05,-9.370259930595196e-06,-5.1199999999999943e-05,3.535865115995192e-05,-5.120000000000005e-05,-7.41385746911376e-05
-5.119999999999996e-05,7.923076937340568e-05,-5.120000000000001e-05,-3.3086135862766554e-05,-5.11999999999999e-05,1.1003349890619898e-05,-5.120000000000001e-05,-2.382401746794104e-04
-5.120000000000008e-05,1.2917747270003695e-04,-5.12e-05,-2.029332162340143e-05,-5.120000000000008e-05,2.2133842671591156e-05,-5.12e-05,-1.1843582873951652e-04
-5.119999999999996e-05,5.2795394511323524e-05,-5.119999999999996e-05,-4.965281582350426e-05,-5.11999999999999e-05,7.854597731333027e-07,-5.120000000000023e-05,-3.3374592686557245e-03
-5.12e-05,2.3837199496947042e-03,-5.12e-05,-1.0997265011503197e-06,-5.119999999999993e-05,4.904679574346669e-05,-5.119999999999993e-05,-5.344773211508289e-05
-5.1199999999999964e-05,1.1646853511153695e-04,-5.119999999999994e-05,-2.2507709893402213e-05,-5.119999999999994e-05,1.993068643134307e-05,-5.1199999999999964e-05,-1.31527833174752e-04
-5.1199999999999916e-05,2.3132141570940892e-04,-5.1200000000000025e-05,-1.1332457014239758e-05,-5.119999999999995e-05,3.2642539544001663e-05,-5.119999999999956e-05,-8.030747719448545e-05
-5.12e-05,7.317425493230735e-05,-5.1200000000000025e-05,-3.582462168456718e-05,-5.119999999999995e-05,9.045938431120686e-06,-5.119999999999991e-05,-2.89791934796012e-04
-5.120000000000006e-05,4.2586897113064295e-04,-5.119999999999969e-05,-6.155508331683046e-06,-5.119999999999986e-05,4.021022636711303e-05,-5.120000000000005e-05,-6.519336588823582e-05
-5.1200000000000106e-05,9.103071734813094e-05,-5.1200000000000065e-05,-2.8797312339908022e-05,-5.1199999999999916e-05,1.4338201805118444e-05,-5.119999999999996e-05,-1.828290629208568e-04
-5.119999999999993e-05,1.565959804813198e-04,-5.120000000000015e-05,-1.6740148705877614e-05,-5.119999999999993e-05,2.5969098093929133e-05,-5.1199999999999984e-05,-1.009445915494782e-04
-5.119999999999986e-05,5.972452709951143e-05,-5.120000000000013e-05,-4.3892185125756216e-05,-5.11999999999999e-05,3.934709472355464e-06,-5.120000000000004e-05,-6.662347038371839e-04
-5.119999999999988e-05,7.243868602984429e-04,-5.1200000000000086e-05,-3.618839799109639e-06,-5.1200000000000025e-05,4.444011239955441e-05,-5.1200000000000025e-05,-5.898814963452453e-05
-5.120000000000008e-05,1.0249874134809593e-04,-5.1199999999999984e-05,-2.5575338443399254e-05,-5.1199999999999984e-05,1.7088595091836373e-05,-5.119999999999997e-05,-1.5340289742439453e-04
-5.119999999999994e-05,1.872459575253682e-04,-5.119999999999995e-05,-1.399998181346519e-05,-5.12e-05,2.921229236841949e-05,-5.12e-05,-8.973756550629144e-05
-5.120000000000001e-05,6.602337085772554e-05,-5.1199999999999984e-05,-3.970472827946006e-05,-5.1200000000000384e-05,6.474447734801077e-06,-5.119999999999999e-05,-4.048901323134308e-04
-5.1200000000000065e-05,3.005439139237053e-04,-5.1199999999999943e-05,-8.722319363504055e-06,-5.119999999999992e-05,3.629461061737903e-05,-5.1200000000000086e-05,-7.222670130382317e-05
-5.1199999999999916e-05,8.140511164545205e-05,-5.12e-05,-3.220240040229018e-05,-5.120000000000005e-05,1.166245929027275e-05,-5.120000000000005e-05,-2.2477591859089609e-04
-5.120000000000018e-05,1.3395347679505393e-04,-5.120000000000002e-05,-1.9569779469111918e-05,-5.119999999999991e-05,2.288359951564199e-05,-5.119999999999991e-05,-1.1455540454674104e-04
-5.120000000000014e-05,5.410848052957309e-05,-5.119999999999992e-05,-4.8447858345740424e-05,-5.119999999999992e-05,1.4140760778739644e-06,-5.120000000000003e-05,-1.8538182216766921e-03
-5.1199999999999943e-05,1.1117881816439946e-03,-5.119999999999997e-05,-2.35785920670961e-06,-5.119999999999993e-05,4.669188884053094e-05,-5.120000000000004e-05,-5.6143370189052366e-05
-5.1199999999999984e-05,1.0911819968683969e-04,-5.120000000000001e-05,-2.4023856767462176e-05,-5.120000000000008e-05,1.849703795176568e-05,-5.120000000000013e-05,-1.4172215069439202e-04
-5.120000000000004e-05,2.070954486247679e-04,-5.1199999999999876e-05,-1.2658124634838216e-05,-5.120000000000008e-05,3.090200393419871e-05,-5.1200000000000106e-05,-8.483074449093982e-05
-5.1200000000000025e-05,6.947970381780096e-05,-5.1200000000000025e-05,-3.772957937291019e-05,-5.1200000000000065e-05,7.755412102141172e-06,-5.1199999999999876e-05,-3.3801427512487187e-04
-5.1200000000000025e-05,3.5261237763952645e-04,-5.119999999999996e-05,-7.434339139052897e-06,-5.1199999999999896e-05,3.8216544587743575e-05,-5.120000000000011e-05,-6.859437524450379e-05
-5.120000000000011e-05,8.601941850848782e-05,-5.119999999999999e-05,-3.047497931808634e-05,-5.1200000000000004e-05,1.2991996664993034e-05,-5.120000000000021e-05,-2.0177345080940923e-04
-5.119999999999998e-05,1.444904134146176e-04,-5.1199999999999815e-05,-1.8142656928233264e-05,-5.120000000000027e-05,2.440829411867185e-05,-5.1199999999999984e-05,-1.0739955800494441e-04
-5.119999999999996e-05,5.683997733049555e-05,-5.1200000000000065e-05,-4.611965245442757e-05,-5.1200000000000065e-05,2.6727776741202e-06,-5.119999999999974e-05,-9.80792388900483e-04
-5.1199999999999794e-05,5.367179725668633e-04,-5.119999999999977e-05,-4.884203872404069e-06,-5.11999999999999e-05,4.2282293373156104e-05,-5.120000000000023e-05,-6.199852919199189e-05
-5.1199999999999916e-05,9.649942736681696e-05,-5.119999999999996e-05,-2.7165342546907236e-05,-5.120000000000023e-05,1.5703044504166596e-05,-5.119999999999997e-05,-1.6693832837985366e-04
-5.1200000000000025e-05,1.706669424699602e-04,-5.1199999999999984e-05,-1.5359975177743488e-05,-5.120000000000017e-05,2.7569260144692747e-05,-5.120000000000011e-05,-9.50856129704524e-05
-5.120000000000002e-05,6.277915004949529e-05,-5.119999999999991e-05,-4.175653856309416e-05,-5.120000000000006e-05,5.201411681669203e-06,-5.120000000000014e-05,-5.039862561232269e-04
-5.120000000000012e-05,2.6159158076194996e-04,-5.119999999999947e-05,-1.0021117622992866e-05,-5.120000000000001e-05,3.443842353036315e-05,-5.1200000000000445e-05,-7.611962834735357e-05
-5.1199999999999605e-05,7.713747523774391e-05,-5.119999999999977e-05,-3.3984000538266065e-05,-5.1200000000000716e-05,1.0347708100944783e-05,-5.119999999999996e-05,-2.5333532550657367e-04
-5.1199999999999943e-05,1.2468834840785505e-04,-5.119999999999978e-05,-2.1023937147883104e-05,-5.120000000000036e-05,2.1391999370857484e-05,-5.1199999999999964e-05,-1.2254301033549523e-04
-5.1199999999999144e-05,5.151512705174567e-05,-5.120000000000088e-05,-5.088680063560424e-05,-5.120000000000001e-05,1.5708012551102213e-07,-5.120000000000001e-05,-1.6688553000842307e-02
